problem_solution_key,primary_algorithm_b1,primary_algorithm_b2,primary_match,confidence_b1,confidence_b2,max_tag_diff,max_tag_diff_tag,avg_tag_diff,compared_b1_is_boilerplate,compared_b2_is_boilerplate
1004_B_solution_1,IMPLEMENTATION,IMPLEMENTATION,True,HIGH,HIGH,20,SIMULATION,0.25,True,False
1004_B_solution_10,IMPLEMENTATION,IMPLEMENTATION,True,HIGH,HIGH,30,GREEDY,0.38,True,False
1004_B_solution_11,IMPLEMENTATION,MATH,False,HIGH,HIGH,35,MATH,0.92,True,False
1004_B_solution_12,IMPLEMENTATION,MATH,False,HIGH,HIGH,40,SIMULATION,0.54,True,False
1004_B_solution_13,IMPLEMENTATION,IMPLEMENTATION,True,HIGH,HIGH,30,STRING,0.46,True,False
1004_B_solution_14,GREEDY,IMPLEMENTATION,False,HIGH,HIGH,50,GREEDY,0.46,True,False
1004_B_solution_15,IMPLEMENTATION,IMPLEMENTATION,True,HIGH,HIGH,60,GREEDY,0.75,True,False
1004_B_solution_16,MATH,IMPLEMENTATION,False,HIGH,HIGH,45,GREEDY,1.04,True,False
1004_B_solution_17,IMPLEMENTATION,IMPLEMENTATION,True,HIGH,HIGH,40,STRING,0.5,True,False
1004_B_solution_18,GREEDY,IMPLEMENTATION,False,HIGH,HIGH,55,GREEDY,0.58,True,False
1004_B_solution_19,IMPLEMENTATION,IMPLEMENTATION,True,HIGH,HIGH,40,STRING,0.5,True,False
1004_B_solution_2,IMPLEMENTATION,IMPLEMENTATION,True,HIGH,HIGH,45,GREEDY,0.67,True,False
1004_B_solution_20,MATH,IMPLEMENTATION,False,HIGH,HIGH,20,SIMULATION,0.46,True,False
1004_B_solution_3,IMPLEMENTATION,IMPLEMENTATION,True,HIGH,HIGH,20,GREEDY,0.21,True,False
1004_B_solution_4,IMPLEMENTATION,IMPLEMENTATION,True,HIGH,HIGH,30,SIMULATION,0.58,True,False
1004_B_solution_5,MATH,IMPLEMENTATION,False,HIGH,HIGH,35,IMPLEMENTATION,0.96,True,False
1004_B_solution_6,MATH,IMPLEMENTATION,False,HIGH,HIGH,20,GREEDY,0.54,True,False
1004_B_solution_7,IMPLEMENTATION,GREEDY,False,HIGH,HIGH,40,STRING,0.88,True,False
1004_B_solution_8,IMPLEMENTATION,GREEDY,False,HIGH,HIGH,20,SIMULATION,0.71,True,False
1004_B_solution_9,MATH,IMPLEMENTATION,False,HIGH,HIGH,25,MATH,0.62,True,False
1037_C_solution_1,GREEDY,GREEDY,True,HIGH,HIGH,10,SIMULATION,0.17,True,False
1037_C_solution_10,GREEDY,GREEDY,True,HIGH,HIGH,30,DP,0.58,True,False
1037_C_solution_11,GREEDY,GREEDY,True,HIGH,HIGH,20,DP,0.54,True,False
1037_C_solution_12,GREEDY,GREEDY,True,HIGH,HIGH,50,SIMULATION,1.0,True,False
1037_C_solution_13,GREEDY,GREEDY,True,HIGH,HIGH,30,IMPLEMENTATION,0.83,True,False
1037_C_solution_14,GREEDY,GREEDY,True,HIGH,MEDIUM,40,IMPLEMENTATION,1.04,True,False
1037_C_solution_15,GREEDY,GREEDY,True,HIGH,HIGH,10,IMPLEMENTATION,0.29,True,False
1037_C_solution_16,GREEDY,GREEDY,True,HIGH,HIGH,30,SIMULATION,0.88,True,False
1037_C_solution_17,GREEDY,GREEDY,True,HIGH,HIGH,30,SIMULATION,0.83,True,False
1037_C_solution_18,DP,DP,True,HIGH,HIGH,30,IMPLEMENTATION,0.58,True,False
1037_C_solution_19,GREEDY,GREEDY,True,HIGH,HIGH,40,SIMULATION,0.67,True,False
1037_C_solution_2,GREEDY,GREEDY,True,HIGH,HIGH,10,STRING,0.08,True,False
1037_C_solution_20,GREEDY,GREEDY,True,HIGH,HIGH,10,DP,0.08,True,False
1037_C_solution_3,GREEDY,GREEDY,True,HIGH,HIGH,30,SIMULATION,1.08,True,False
1037_C_solution_4,GREEDY,GREEDY,True,HIGH,HIGH,40,SIMULATION,1.12,True,False
1037_C_solution_5,GREEDY,GREEDY,True,HIGH,HIGH,20,IMPLEMENTATION,0.83,True,False
1037_C_solution_6,GREEDY,GREEDY,True,HIGH,HIGH,20,DP_1D,0.5,True,False
1037_C_solution_7,GREEDY,GREEDY,True,MEDIUM,MEDIUM,30,TWO_POINTERS,0.88,True,False
1037_C_solution_8,GREEDY,GREEDY,True,HIGH,HIGH,40,TWO_POINTERS,0.79,True,False
1037_C_solution_9,GREEDY,GREEDY,True,HIGH,HIGH,10,IMPLEMENTATION,0.25,True,False
1041_C_solution_1,GREEDY,GREEDY,True,HIGH,HIGH,30,SIMULATION,0.96,True,False
1041_C_solution_10,GREEDY,GREEDY,True,HIGH,HIGH,40,PRIORITY_QUEUE,0.67,True,False
1041_C_solution_11,GREEDY,GREEDY,True,HIGH,HIGH,30,SIMULATION,1.0,True,False
1041_C_solution_12,GREEDY,GREEDY,True,HIGH,HIGH,30,SIMULATION,0.62,True,False
1041_C_solution_13,GREEDY,GREEDY,True,HIGH,HIGH,70,BINARY_SEARCH,1.25,True,False
1041_C_solution_14,BINARY_SEARCH,BINARY_SEARCH,True,MEDIUM,MEDIUM,20,IMPLEMENTATION,0.67,True,False
1041_C_solution_15,GREEDY,GREEDY,True,HIGH,HIGH,80,INTERVAL_GREEDY,0.79,True,False
1041_C_solution_16,GREEDY,GREEDY,True,HIGH,HIGH,20,SIMULATION,1.0,True,False
1041_C_solution_17,GREEDY,GREEDY,True,HIGH,HIGH,40,SWEEP_LINE,0.83,True,False
1041_C_solution_18,GREEDY,GREEDY,True,HIGH,HIGH,30,SIMULATION,0.79,True,False
1041_C_solution_19,GREEDY,GREEDY,True,HIGH,HIGH,75,BINARY_SEARCH,1.17,True,False
1041_C_solution_2,GREEDY,GREEDY,True,HIGH,HIGH,70,INTERVAL_GREEDY,0.88,True,False
1041_C_solution_20,GREEDY,GREEDY,True,HIGH,HIGH,70,BINARY_SEARCH,1.71,True,False
1041_C_solution_3,PARAMETRIC_SEARCH,PARAMETRIC_SEARCH,True,HIGH,MEDIUM,50,BINARY_SEARCH,1.12,True,False
1041_C_solution_4,GREEDY,GREEDY,True,HIGH,HIGH,70,HASH_MAP,1.54,True,False
1041_C_solution_5,GREEDY,GREEDY,True,HIGH,HIGH,80,SORTING_GREEDY,2.33,True,False
1041_C_solution_6,GREEDY,GREEDY,True,HIGH,HIGH,20,SIMULATION,0.88,True,False
1041_C_solution_7,GREEDY,GREEDY,True,HIGH,HIGH,40,SORTING,1.25,True,False
1041_C_solution_8,GREEDY,GREEDY,True,HIGH,HIGH,40,SORTING,1.12,True,False
1041_C_solution_9,GREEDY,GREEDY,True,HIGH,HIGH,20,CUSTOM_SORTING,0.33,True,False
1056_E_solution_1,STRING_HASHING,STRING_HASHING,True,HIGH,HIGH,40,SIMULATION,1.0,True,False
1056_E_solution_10,STRING_HASHING,STRING_HASHING,True,HIGH,HIGH,30,SIMULATION,1.0,True,False
1056_E_solution_11,STRING_HASHING,STRING_HASHING,True,HIGH,HIGH,30,HASH_SET,0.96,True,False
1056_E_solution_12,STRING_HASHING,STRING_HASHING,True,HIGH,HIGH,30,SIMULATION,0.75,True,False
1056_E_solution_13,STRING_HASHING,STRING_HASHING,True,HIGH,HIGH,40,HASH,1.04,True,False
1056_E_solution_14,STRING_HASHING,STRING_HASHING,True,HIGH,HIGH,30,FAST_POWER,0.88,True,False
1056_E_solution_15,STRING_HASHING,STRING_HASHING,True,HIGH,HIGH,40,HASH,0.83,True,False
1056_E_solution_16,STRING_HASHING,STRING_HASHING,True,HIGH,HIGH,20,IMPLEMENTATION,0.46,True,False
1056_E_solution_17,STRING_HASHING,STRING_HASHING,True,HIGH,HIGH,50,HASH,1.29,True,False
1056_E_solution_18,STRING_HASHING,STRING_HASHING,True,HIGH,HIGH,50,HASH,0.71,True,False
1056_E_solution_19,STRING_HASHING,STRING_HASHING,True,HIGH,HIGH,30,MODULAR_ARITHMETIC,0.58,True,False
1056_E_solution_2,STRING_HASHING,STRING_HASHING,True,HIGH,HIGH,40,SIMULATION,0.96,True,False
1056_E_solution_20,STRING_HASHING,STRING_HASHING,True,HIGH,HIGH,30,MODULAR_ARITHMETIC,0.75,True,False
1056_E_solution_3,STRING_HASHING,STRING_HASHING,True,HIGH,HIGH,30,MATH,0.71,True,False
1056_E_solution_4,STRING_HASHING,STRING_HASHING,True,HIGH,HIGH,20,HASH,0.54,True,False
1056_E_solution_5,STRING_HASHING,STRING_HASHING,True,HIGH,HIGH,20,IMPLEMENTATION,0.5,True,False
1056_E_solution_6,STRING_HASHING,STRING_HASHING,True,HIGH,HIGH,20,IMPLEMENTATION,0.67,True,False
1056_E_solution_7,STRING_HASHING,STRING_HASHING,True,HIGH,HIGH,30,SIMULATION,0.5,True,False
1056_E_solution_8,STRING_HASHING,STRING_HASHING,True,HIGH,HIGH,50,SIMULATION,1.12,True,False
1056_E_solution_9,STRING_HASHING,STRING_HASHING,True,HIGH,HIGH,30,SIMULATION,0.29,True,False
1084_C_solution_1,DP,DP,True,HIGH,HIGH,30,MODULAR_ARITHMETIC,0.5,True,False
1084_C_solution_10,COMBINATORICS,COMBINATORICS,True,HIGH,HIGH,20,DP,0.42,True,False
1084_C_solution_11,COMBINATORICS,COMBINATORICS,True,HIGH,HIGH,30,DP_1D,0.62,True,False
1084_C_solution_12,DP,DP,True,HIGH,HIGH,30,IMPLEMENTATION,0.92,True,False
1084_C_solution_13,DP,DP,True,HIGH,HIGH,40,MATH,1.08,True,False
1084_C_solution_14,COMBINATORICS,COMBINATORICS,True,HIGH,HIGH,40,DP,0.79,True,False
1084_C_solution_15,COMBINATORICS,COMBINATORICS,True,HIGH,HIGH,40,STRING,1.21,True,False
1084_C_solution_16,COMBINATORICS,COMBINATORICS,True,HIGH,HIGH,20,DP,0.58,True,False
1084_C_solution_17,COMBINATORICS,COMBINATORICS,True,HIGH,HIGH,30,MATH,0.54,True,False
1084_C_solution_18,COMBINATORICS,COMBINATORICS,True,HIGH,HIGH,20,MATH,0.33,True,False
1084_C_solution_19,COMBINATORICS,COMBINATORICS,True,HIGH,HIGH,20,STRING,0.58,True,False
1084_C_solution_2,DP,DP,True,HIGH,HIGH,20,IMPLEMENTATION,0.67,True,False
1084_C_solution_20,DP,DP,True,HIGH,HIGH,40,PREFIX_SUM,0.83,True,False
1084_C_solution_3,COMBINATORICS,COMBINATORICS,True,HIGH,HIGH,30,DP_1D,0.67,True,False
1084_C_solution_4,DP,DP,True,HIGH,HIGH,10,IMPLEMENTATION,0.33,True,False
1084_C_solution_5,COMBINATORICS,COMBINATORICS,True,HIGH,HIGH,10,DP,0.38,True,False
1084_C_solution_6,DP,DP,True,HIGH,HIGH,40,PREFIX_SUM,0.75,True,False
1084_C_solution_7,DP,DP,True,HIGH,HIGH,20,STRING,0.42,True,False
1084_C_solution_8,COMBINATORICS,COMBINATORICS,True,HIGH,HIGH,20,DP,0.38,True,False
1084_C_solution_9,COMBINATORICS,COMBINATORICS,True,HIGH,HIGH,20,IMPLEMENTATION,0.75,True,False
1165_F2_solution_1,PARAMETRIC_SEARCH,PARAMETRIC_SEARCH,True,HIGH,HIGH,40,SIMULATION,0.71,True,False
1165_F2_solution_10,PARAMETRIC_SEARCH,PARAMETRIC_SEARCH,True,HIGH,HIGH,40,SIMULATION,1.38,True,False
1165_F2_solution_11,PARAMETRIC_SEARCH,PARAMETRIC_SEARCH,True,HIGH,HIGH,20,MATH,0.17,True,False
1165_F2_solution_12,PARAMETRIC_SEARCH,PARAMETRIC_SEARCH,True,HIGH,HIGH,50,SIMULATION,1.5,True,False
1165_F2_solution_13,PARAMETRIC_SEARCH,PARAMETRIC_SEARCH,True,HIGH,HIGH,20,PREFIX_SUM,0.29,True,False
1165_F2_solution_14,PARAMETRIC_SEARCH,PARAMETRIC_SEARCH,True,HIGH,HIGH,40,BOUND_SEARCH,1.71,True,False
1165_F2_solution_15,PARAMETRIC_SEARCH,PARAMETRIC_SEARCH,True,HIGH,HIGH,40,EVENT_SIMULATION,1.5,True,False
1165_F2_solution_16,PARAMETRIC_SEARCH,PARAMETRIC_SEARCH,True,HIGH,HIGH,40,BOUND_SEARCH,1.79,True,False
1165_F2_solution_17,PARAMETRIC_SEARCH,PARAMETRIC_SEARCH,True,HIGH,HIGH,30,SIMULATION,0.38,True,False
1165_F2_solution_18,PARAMETRIC_SEARCH,PARAMETRIC_SEARCH,True,HIGH,HIGH,55,BINARY_SEARCH,0.92,True,False
1165_F2_solution_19,PARAMETRIC_SEARCH,PARAMETRIC_SEARCH,True,HIGH,HIGH,30,BINARY_SEARCH,0.33,True,False
1165_F2_solution_2,PARAMETRIC_SEARCH,PARAMETRIC_SEARCH,True,HIGH,HIGH,20,SIMULATION,0.42,True,False
1165_F2_solution_20,PARAMETRIC_SEARCH,PARAMETRIC_SEARCH,True,HIGH,HIGH,40,SIMULATION,0.71,True,False
1165_F2_solution_3,PARAMETRIC_SEARCH,PARAMETRIC_SEARCH,True,HIGH,HIGH,60,BINARY_SEARCH,0.67,True,False
1165_F2_solution_4,PARAMETRIC_SEARCH,PARAMETRIC_SEARCH,True,HIGH,HIGH,50,BINARY_SEARCH,0.67,True,False
1165_F2_solution_5,PARAMETRIC_SEARCH,PARAMETRIC_SEARCH,True,HIGH,MEDIUM,30,IMPLEMENTATION,0.75,True,False
1165_F2_solution_6,PARAMETRIC_SEARCH,PARAMETRIC_SEARCH,True,HIGH,HIGH,75,SIMULATION,1.42,True,False
1165_F2_solution_7,PARAMETRIC_SEARCH,PARAMETRIC_SEARCH,True,HIGH,HIGH,40,SORTING_GREEDY,1.04,True,False
1165_F2_solution_8,PARAMETRIC_SEARCH,PARAMETRIC_SEARCH,True,HIGH,HIGH,30,SIMULATION,0.5,True,False
1165_F2_solution_9,PARAMETRIC_SEARCH,PARAMETRIC_SEARCH,True,HIGH,HIGH,60,BINARY_SEARCH,1.79,True,False
1167_E_solution_1,TWO_POINTERS,TWO_POINTERS,True,HIGH,HIGH,40,GREEDY,1.17,True,False
1167_E_solution_10,TWO_POINTERS,TWO_POINTERS,True,HIGH,HIGH,30,GREEDY,0.79,True,False
1167_E_solution_11,TWO_POINTERS,TWO_POINTERS,True,HIGH,HIGH,70,RANGE_MIN_QUERY,2.0,True,False
1167_E_solution_12,BINARY_SEARCH,BINARY_SEARCH,True,HIGH,HIGH,80,CUSTOM_SORTING,1.83,True,False
1167_E_solution_13,TWO_POINTERS,BINARY_SEARCH,False,HIGH,HIGH,45,TWO_POINTERS,1.04,True,False
1167_E_solution_14,BINARY_SEARCH,BINARY_SEARCH,True,HIGH,HIGH,30,SIMULATION,1.17,True,False
1167_E_solution_15,TWO_POINTERS,TWO_POINTERS,True,HIGH,HIGH,40,BINARY_SEARCH,1.0,True,False
1167_E_solution_16,SEGMENT_TREE,SEGMENT_TREE,True,HIGH,HIGH,60,RANGE_SUM_QUERY,2.42,True,False
1167_E_solution_17,TWO_POINTERS,TWO_POINTERS,True,HIGH,HIGH,40,SLIDING_WINDOW,1.21,True,False
1167_E_solution_18,TWO_POINTERS,TWO_POINTERS,True,HIGH,HIGH,40,SLIDING_WINDOW,2.5,True,False
1167_E_solution_19,TWO_POINTERS,TWO_POINTERS,True,HIGH,HIGH,50,PREFIX_SUM,1.96,True,False
1167_E_solution_2,TWO_POINTERS,TWO_POINTERS,True,HIGH,HIGH,20,SORTING,0.42,True,False
1167_E_solution_20,TWO_POINTERS,TWO_POINTERS,True,HIGH,HIGH,60,SLIDING_WINDOW,2.08,True,False
1167_E_solution_3,BINARY_SEARCH,BINARY_SEARCH,True,HIGH,HIGH,40,PARAMETRIC_SEARCH,1.46,True,False
1167_E_solution_4,TWO_POINTERS,TWO_POINTERS,True,HIGH,HIGH,70,PREFIX_SUM,1.25,True,False
1167_E_solution_5,TWO_POINTERS,TWO_POINTERS,True,HIGH,HIGH,40,SLIDING_WINDOW,1.62,True,False
1167_E_solution_6,TWO_POINTERS,TWO_POINTERS,True,HIGH,HIGH,40,SORTING,1.54,True,False
1167_E_solution_7,TWO_POINTERS,TWO_POINTERS,True,HIGH,HIGH,60,COMBINATORICS,1.54,True,False
1167_E_solution_8,SEGMENT_TREE,SEGMENT_TREE,True,HIGH,HIGH,80,RANGE_MIN_QUERY,3.08,True,False
1167_E_solution_9,TWO_POINTERS,TWO_POINTERS,True,HIGH,HIGH,60,VARIABLE_WINDOW,1.88,True,False
1182_B_solution_1,IMPLEMENTATION,IMPLEMENTATION,True,HIGH,HIGH,40,GRID_TRAVERSAL,0.5,True,False
1182_B_solution_10,GRID_SIMULATION,GRID_SIMULATION,True,HIGH,HIGH,40,GRID_TRAVERSAL,0.5,True,False
1182_B_solution_11,IMPLEMENTATION,GRID_SIMULATION,False,HIGH,HIGH,20,BRUTE_FORCE,0.38,True,False
1182_B_solution_12,GRID_SIMULATION,GRID_SIMULATION,True,HIGH,HIGH,50,CONNECTED_COMPONENTS,1.33,True,False
1182_B_solution_13,IMPLEMENTATION,IMPLEMENTATION,True,HIGH,HIGH,20,BRUTE_FORCE,0.5,True,False
1182_B_solution_14,IMPLEMENTATION,IMPLEMENTATION,True,HIGH,HIGH,40,BRUTE_FORCE,0.42,True,False
1182_B_solution_15,IMPLEMENTATION,SIMULATION,False,HIGH,HIGH,20,GRID_TRAVERSAL,0.42,True,False
1182_B_solution_16,GRID_SIMULATION,SIMULATION,False,HIGH,HIGH,30,GREEDY,0.67,True,False
1182_B_solution_17,GRID_SIMULATION,IMPLEMENTATION,False,HIGH,HIGH,40,BRUTE_FORCE,0.42,True,False
1182_B_solution_18,GRID_SIMULATION,IMPLEMENTATION,False,HIGH,HIGH,60,BRUTE_FORCE,0.96,True,False
1182_B_solution_19,GRID_SIMULATION,IMPLEMENTATION,False,HIGH,HIGH,20,STRING,0.42,True,False
1182_B_solution_2,IMPLEMENTATION,IMPLEMENTATION,True,HIGH,HIGH,30,GRID_TRAVERSAL,0.33,True,False
1182_B_solution_20,GRID_SIMULATION,IMPLEMENTATION,False,HIGH,HIGH,40,GRID_TRAVERSAL,0.62,True,False
1182_B_solution_3,IMPLEMENTATION,IMPLEMENTATION,True,HIGH,HIGH,20,STRING,0.21,True,False
1182_B_solution_4,IMPLEMENTATION,IMPLEMENTATION,True,HIGH,MEDIUM,40,GRID_SIMULATION,0.75,True,False
1182_B_solution_5,GRID_SIMULATION,SIMULATION,False,HIGH,HIGH,30,BRUTE_FORCE,0.92,True,False
1182_B_solution_6,IMPLEMENTATION,IMPLEMENTATION,True,HIGH,HIGH,30,HASH_SET,0.5,True,False
1182_B_solution_7,GRID_SIMULATION,IMPLEMENTATION,False,HIGH,HIGH,20,BRUTE_FORCE,0.42,True,False
1182_B_solution_8,IMPLEMENTATION,IMPLEMENTATION,True,HIGH,HIGH,50,HASH_SET,1.04,True,False
1182_B_solution_9,IMPLEMENTATION,GRID_SIMULATION,False,HIGH,HIGH,10,SIMULATION,0.12,True,False
1187_B_solution_1,IMPLEMENTATION,IMPLEMENTATION,True,HIGH,HIGH,60,HASH,0.71,True,False
1187_B_solution_10,BINARY_SEARCH,PARAMETRIC_SEARCH,False,HIGH,HIGH,15,BINARY_SEARCH,0.5,True,False
1187_B_solution_11,IMPLEMENTATION,IMPLEMENTATION,True,HIGH,HIGH,30,HASH,0.42,True,False
1187_B_solution_12,IMPLEMENTATION,IMPLEMENTATION,True,HIGH,HIGH,15,STRING,0.25,True,False
1187_B_solution_13,PARAMETRIC_SEARCH,PARAMETRIC_SEARCH,True,HIGH,HIGH,40,BOUND_SEARCH,0.83,True,False
1187_B_solution_14,IMPLEMENTATION,IMPLEMENTATION,True,HIGH,HIGH,40,HASH,0.42,True,False
1187_B_solution_15,IMPLEMENTATION,IMPLEMENTATION,True,HIGH,HIGH,40,COUNTING_SORT,1.25,True,False
1187_B_solution_16,IMPLEMENTATION,IMPLEMENTATION,True,HIGH,HIGH,20,GREEDY,0.42,True,False
1187_B_solution_17,PARAMETRIC_SEARCH,PARAMETRIC_SEARCH,True,HIGH,HIGH,20,BOUND_SEARCH,0.29,True,False
1187_B_solution_18,IMPLEMENTATION,IMPLEMENTATION,True,HIGH,HIGH,40,SIMULATION,0.83,True,False
1187_B_solution_19,IMPLEMENTATION,IMPLEMENTATION,True,HIGH,HIGH,40,COUNTING_SORT,0.58,True,False
1187_B_solution_2,IMPLEMENTATION,IMPLEMENTATION,True,HIGH,HIGH,10,STRING,0.08,True,False
1187_B_solution_20,HASH_MAP,IMPLEMENTATION,False,HIGH,HIGH,40,HASH,0.88,True,False
1187_B_solution_3,BINARY_SEARCH,BOUND_SEARCH,False,HIGH,HIGH,20,STRING,0.33,True,False
1187_B_solution_4,PARAMETRIC_SEARCH,PARAMETRIC_SEARCH,True,HIGH,HIGH,80,BOUND_SEARCH,0.88,True,False
1187_B_solution_5,PARAMETRIC_SEARCH,PARAMETRIC_SEARCH,True,HIGH,HIGH,10,IMPLEMENTATION,0.25,True,False
1187_B_solution_6,IMPLEMENTATION,IMPLEMENTATION,True,HIGH,HIGH,30,STRING,0.25,True,False
1187_B_solution_7,IMPLEMENTATION,IMPLEMENTATION,True,HIGH,HIGH,20,STRING,0.21,True,False
1187_B_solution_8,IMPLEMENTATION,IMPLEMENTATION,True,HIGH,HIGH,65,COUNTING_SORT,0.83,True,False
1187_B_solution_9,PARAMETRIC_SEARCH,PARAMETRIC_SEARCH,True,HIGH,HIGH,30,BOUND_SEARCH,0.58,True,False
1204_D1_solution_1,GREEDY,GREEDY,True,HIGH,HIGH,70,DP_1D,1.62,True,False
1204_D1_solution_10,GREEDY,GREEDY,True,HIGH,HIGH,50,STACK,0.96,True,False
1204_D1_solution_11,GREEDY,BRUTE_FORCE,False,HIGH,HIGH,55,BRUTE_FORCE,2.54,True,False
1204_D1_solution_12,GREEDY,GREEDY,True,HIGH,HIGH,20,IMPLEMENTATION,0.5,True,False
1204_D1_solution_13,GREEDY,GREEDY,True,HIGH,HIGH,45,STRING,0.46,True,False
1204_D1_solution_14,DP,DP,True,HIGH,HIGH,35,GREEDY,0.75,True,False
1204_D1_solution_15,GREEDY,GREEDY,True,HIGH,HIGH,40,LIS,1.46,True,False
1204_D1_solution_16,DP,DP,True,HIGH,HIGH,30,IMPLEMENTATION,0.29,True,False
1204_D1_solution_17,GREEDY,IMPLEMENTATION,False,MEDIUM,MEDIUM,30,BRUTE_FORCE,1.21,True,False
1204_D1_solution_18,GREEDY,GREEDY,True,HIGH,HIGH,40,STACK,0.62,True,False
1204_D1_solution_19,GREEDY,GREEDY,True,HIGH,MEDIUM,45,DP,1.42,True,False
1204_D1_solution_2,DP,GREEDY,False,HIGH,HIGH,30,SIMULATION,1.08,True,False
1204_D1_solution_20,BRUTE_FORCE,DP,False,HIGH,HIGH,80,DP_2D,3.38,True,False
1204_D1_solution_3,STACK,STACK,True,HIGH,HIGH,10,IMPLEMENTATION,0.29,True,False
1204_D1_solution_4,DP,DP,True,HIGH,HIGH,60,PREFIX_SUM,0.96,True,False
1204_D1_solution_5,LAZY_SEGMENT_TREE,SEGMENT_TREE,False,HIGH,HIGH,80,RANGE_MIN_QUERY,2.25,True,False
1204_D1_solution_6,STACK,STACK,True,HIGH,HIGH,30,SIMULATION,0.42,True,False
1204_D1_solution_7,GREEDY,GREEDY,True,HIGH,HIGH,20,IMPLEMENTATION,0.29,True,False
1204_D1_solution_8,GREEDY,GREEDY,True,HIGH,HIGH,20,IMPLEMENTATION,0.21,True,False
1204_D1_solution_9,GREEDY,GREEDY,True,HIGH,HIGH,30,STRING,0.42,True,False
1217_C_solution_1,BRUTE_FORCE,BRUTE_FORCE,True,HIGH,HIGH,50,BIT_MANIPULATION,1.54,True,False
1217_C_solution_10,BRUTE_FORCE,BRUTE_FORCE,True,HIGH,HIGH,20,SIMULATION,0.67,True,False
1217_C_solution_11,BRUTE_FORCE,BRUTE_FORCE,True,HIGH,HIGH,70,BITMASK_BRUTE_FORCE,1.46,True,False
1217_C_solution_12,BRUTE_FORCE,BRUTE_FORCE,True,HIGH,HIGH,70,BITMASK_BRUTE_FORCE,1.38,True,False
1217_C_solution_13,BRUTE_FORCE,BRUTE_FORCE,True,HIGH,HIGH,60,BITMASK_BRUTE_FORCE,1.42,True,False
1217_C_solution_14,BRUTE_FORCE,BRUTE_FORCE,True,HIGH,HIGH,70,BIT_MANIPULATION,1.33,True,False
1217_C_solution_15,BRUTE_FORCE,BRUTE_FORCE,True,HIGH,HIGH,60,BITMASK_BRUTE_FORCE,1.54,True,False
1217_C_solution_16,BRUTE_FORCE,BRUTE_FORCE,True,HIGH,MEDIUM,45,IMPLEMENTATION,0.96,True,False
1217_C_solution_17,BRUTE_FORCE,BRUTE_FORCE,True,HIGH,HIGH,20,IMPLEMENTATION,0.58,True,False
1217_C_solution_18,BRUTE_FORCE,BRUTE_FORCE,True,HIGH,HIGH,50,BITMASK_BRUTE_FORCE,0.83,True,False
1217_C_solution_19,BRUTE_FORCE,BRUTE_FORCE,True,HIGH,HIGH,30,SIMULATION,0.92,True,False
1217_C_solution_2,BRUTE_FORCE,BRUTE_FORCE,True,HIGH,HIGH,40,SIMULATION,2.0,True,False
1217_C_solution_20,BRUTE_FORCE,BRUTE_FORCE,True,HIGH,HIGH,30,BIT_MANIPULATION,0.62,True,False
1217_C_solution_3,BRUTE_FORCE,BRUTE_FORCE,True,HIGH,HIGH,30,BIT_MANIPULATION,0.5,True,False
1217_C_solution_4,BRUTE_FORCE,BRUTE_FORCE,True,HIGH,HIGH,20,IMPLEMENTATION,0.42,True,False
1217_C_solution_5,BRUTE_FORCE,BRUTE_FORCE,True,HIGH,HIGH,60,STRING,1.54,True,False
1217_C_solution_6,BRUTE_FORCE,BRUTE_FORCE,True,HIGH,HIGH,50,BIT_MANIPULATION,1.12,True,False
1217_C_solution_7,BRUTE_FORCE,BRUTE_FORCE,True,HIGH,HIGH,50,SIMULATION,1.38,True,False
1217_C_solution_8,BRUTE_FORCE,BRUTE_FORCE,True,HIGH,HIGH,70,SIMULATION,0.92,True,False
1217_C_solution_9,BRUTE_FORCE,BRUTE_FORCE,True,HIGH,HIGH,20,STRING,0.33,True,False
126_B_solution_1,STRING,STRING,True,HIGH,HIGH,20,IMPLEMENTATION,0.33,True,False
126_B_solution_10,STRING_HASHING,BINARY_SEARCH,False,HIGH,HIGH,25,FIXED_WINDOW,0.92,True,False
126_B_solution_11,STRING_HASHING,STRING_HASHING,True,HIGH,HIGH,30,HASH,0.42,True,False
126_B_solution_12,KMP,KMP,True,HIGH,HIGH,15,STRING,0.21,True,False
126_B_solution_13,KMP,KMP,True,HIGH,HIGH,0,IMPLEMENTATION,0.0,True,False
126_B_solution_14,STRING_HASHING,STRING_HASHING,True,HIGH,HIGH,30,BINARY_SEARCH,0.92,True,False
126_B_solution_15,STRING,STRING,True,HIGH,HIGH,40,DP,0.96,True,False
126_B_solution_16,KMP,KMP,True,HIGH,HIGH,60,DP_1D,0.88,True,False
126_B_solution_17,KMP,KMP,True,HIGH,HIGH,60,DP_1D,0.79,True,False
126_B_solution_18,STRING,STRING,True,HIGH,HIGH,60,KMP,0.54,True,False
126_B_solution_19,KMP,KMP,True,HIGH,HIGH,20,DP,0.42,True,False
126_B_solution_2,KMP,KMP,True,HIGH,HIGH,60,DP_1D,0.83,True,False
126_B_solution_20,STRING,STRING,True,HIGH,HIGH,30,DP,0.5,True,False
126_B_solution_3,KMP,KMP,True,HIGH,HIGH,60,DP_1D,0.79,True,False
126_B_solution_4,STRING_HASHING,STRING_HASHING,True,HIGH,HIGH,30,BINARY_SEARCH,1.12,True,False
126_B_solution_5,STRING,STRING,True,HIGH,HIGH,20,TWO_POINTERS,0.5,True,False
126_B_solution_6,STRING_HASHING,BINARY_SEARCH,False,HIGH,HIGH,50,BINARY_SEARCH,1.54,True,False
126_B_solution_7,STRING,STRING,True,HIGH,HIGH,30,TWO_POINTERS,0.5,True,False
126_B_solution_8,KMP,KMP,True,HIGH,HIGH,60,DP,1.25,True,False
126_B_solution_9,KMP,KMP,True,HIGH,HIGH,10,IMPLEMENTATION,0.5,True,False
1366_D_solution_1,NUMBER_THEORY,SIEVE,False,HIGH,HIGH,30,PRIME_CHECK,0.67,True,False
1366_D_solution_10,SIEVE,NUMBER_THEORY,False,HIGH,HIGH,70,GCD_LCM,1.08,True,False
1366_D_solution_11,NUMBER_THEORY,NUMBER_THEORY,True,HIGH,HIGH,20,IMPLEMENTATION,0.54,True,False
1366_D_solution_12,NUMBER_THEORY,NUMBER_THEORY,True,HIGH,HIGH,30,GCD_LCM,0.75,True,False
1366_D_solution_13,NUMBER_THEORY,SIEVE,False,HIGH,HIGH,30,PRIME_CHECK,0.5,True,False
1366_D_solution_14,NUMBER_THEORY,NUMBER_THEORY,True,HIGH,HIGH,20,GCD_LCM,0.38,True,False
1366_D_solution_15,NUMBER_THEORY,NUMBER_THEORY,True,HIGH,HIGH,20,IMPLEMENTATION,0.53,True,False
1366_D_solution_16,NUMBER_THEORY,NUMBER_THEORY,True,HIGH,HIGH,30,GCD_LCM,0.73,True,False
1366_D_solution_17,NUMBER_THEORY,NUMBER_THEORY,True,HIGH,HIGH,40,PRIME_CHECK,0.58,True,False
1366_D_solution_18,NUMBER_THEORY,NUMBER_THEORY,True,HIGH,HIGH,30,PRIME_CHECK,0.33,True,False
1366_D_solution_19,NUMBER_THEORY,NUMBER_THEORY,True,HIGH,HIGH,30,GCD_LCM,0.58,True,False
1366_D_solution_2,SIEVE,SIEVE,True,HIGH,HIGH,20,IMPLEMENTATION,0.38,True,False
1366_D_solution_20,NUMBER_THEORY,NUMBER_THEORY,True,HIGH,HIGH,20,GCD_LCM,0.28,True,False
1366_D_solution_3,NUMBER_THEORY,NUMBER_THEORY,True,HIGH,HIGH,30,GCD_LCM,0.29,True,False
1366_D_solution_4,NUMBER_THEORY,NUMBER_THEORY,True,HIGH,HIGH,30,GCD_LCM,0.62,True,False
1366_D_solution_5,NUMBER_THEORY,SIEVE,False,HIGH,HIGH,20,PRIME_CHECK,0.33,True,False
1366_D_solution_6,SIEVE,SIEVE,True,HIGH,HIGH,30,GCD_LCM,0.25,True,False
1366_D_solution_7,NUMBER_THEORY,NUMBER_THEORY,True,HIGH,HIGH,70,PRIME_CHECK,1.04,True,False
1366_D_solution_8,NUMBER_THEORY,NUMBER_THEORY,True,HIGH,HIGH,15,MATH,0.17,True,False
1366_D_solution_9,SIEVE,NUMBER_THEORY,False,HIGH,HIGH,30,PRIME_CHECK,0.36,True,False
1367_C_solution_1,GREEDY,GREEDY,True,HIGH,HIGH,30,FIXED_WINDOW,0.96,True,False
1367_C_solution_10,GREEDY,GREEDY,True,HIGH,HIGH,10,IMPLEMENTATION,0.12,True,False
1367_C_solution_11,GREEDY,GREEDY,True,HIGH,HIGH,40,STRING,0.42,True,False
1367_C_solution_12,GREEDY,GREEDY,True,HIGH,HIGH,40,SIMULATION,0.67,True,False
1367_C_solution_13,GREEDY,GREEDY,True,HIGH,HIGH,40,COMBINATORICS,0.79,True,False
1367_C_solution_14,GREEDY,GREEDY,True,HIGH,HIGH,40,SIMULATION,1.21,True,False
1367_C_solution_15,GREEDY,GREEDY,True,HIGH,HIGH,30,INTERVAL_GREEDY,0.75,True,False
1367_C_solution_16,GREEDY,GREEDY,True,HIGH,HIGH,30,IMPLEMENTATION,0.5,True,False
1367_C_solution_17,GREEDY,GREEDY,True,HIGH,HIGH,20,IMPLEMENTATION,0.33,True,False
1367_C_solution_18,GREEDY,GREEDY,True,HIGH,HIGH,30,STRING,0.42,True,False
1367_C_solution_19,GREEDY,GREEDY,True,HIGH,HIGH,25,IMPLEMENTATION,0.46,True,False
1367_C_solution_2,GREEDY,MATH,False,HIGH,HIGH,40,SIMULATION,1.0,True,False
1367_C_solution_20,GREEDY,GREEDY,True,HIGH,HIGH,80,RANGE_SUM_QUERY,2.0,True,False
1367_C_solution_3,GREEDY,GREEDY,True,HIGH,HIGH,15,SIMULATION,0.25,True,False
1367_C_solution_4,GREEDY,GREEDY,True,HIGH,HIGH,20,MATH,0.25,True,False
1367_C_solution_5,GREEDY,GREEDY,True,HIGH,HIGH,80,STATE_SIMULATION,1.08,True,False
1367_C_solution_6,GREEDY,MATH,False,HIGH,HIGH,70,INTERVAL_GREEDY,1.21,True,False
1367_C_solution_7,GREEDY,GREEDY,True,HIGH,HIGH,35,SIMULATION,0.67,True,False
1367_C_solution_8,GREEDY,MATH,False,HIGH,HIGH,40,SIMULATION,0.79,True,False
1367_C_solution_9,GREEDY,GREEDY,True,HIGH,HIGH,20,IMPLEMENTATION,0.83,True,False
1369_C_solution_1,GREEDY,GREEDY,True,HIGH,HIGH,30,SIMULATION,0.42,True,False
1369_C_solution_10,GREEDY,GREEDY,True,HIGH,HIGH,30,SIMULATION,0.62,True,False
1369_C_solution_11,GREEDY,GREEDY,True,HIGH,HIGH,10,IMPLEMENTATION,0.17,True,False
1369_C_solution_12,GREEDY,GREEDY,True,HIGH,HIGH,35,TWO_POINTERS,0.58,True,False
1369_C_solution_13,GREEDY,GREEDY,True,HIGH,HIGH,20,IMPLEMENTATION,0.38,True,False
1369_C_solution_14,GREEDY,GREEDY,True,HIGH,HIGH,20,MATH,0.29,True,False
1369_C_solution_15,GREEDY,GREEDY,True,HIGH,HIGH,30,SIMULATION,0.67,True,False
1369_C_solution_16,GREEDY,GREEDY,True,HIGH,HIGH,10,IMPLEMENTATION,0.12,True,False
1369_C_solution_17,GREEDY,GREEDY,True,HIGH,HIGH,10,IMPLEMENTATION,0.33,True,False
1369_C_solution_18,GREEDY,GREEDY,True,HIGH,HIGH,10,MATH,0.21,True,False
1369_C_solution_19,GREEDY,GREEDY,True,HIGH,HIGH,10,IMPLEMENTATION,0.29,True,False
1369_C_solution_2,GREEDY,GREEDY,True,HIGH,HIGH,35,TWO_POINTERS,0.83,True,False
1369_C_solution_20,GREEDY,GREEDY,True,HIGH,HIGH,25,TWO_POINTERS,0.38,True,False
1369_C_solution_3,GREEDY,GREEDY,True,HIGH,HIGH,20,IMPLEMENTATION,0.42,True,False
1369_C_solution_4,GREEDY,GREEDY,True,HIGH,HIGH,10,IMPLEMENTATION,0.25,True,False
1369_C_solution_5,GREEDY,GREEDY,True,HIGH,HIGH,10,IMPLEMENTATION,0.21,True,False
1369_C_solution_6,GREEDY,GREEDY,True,HIGH,HIGH,20,IMPLEMENTATION,0.29,True,False
1369_C_solution_7,GREEDY,GREEDY,True,HIGH,HIGH,30,SIMULATION,0.54,True,False
1369_C_solution_8,GREEDY,GREEDY,True,HIGH,HIGH,10,IMPLEMENTATION,0.21,True,False
1369_C_solution_9,GREEDY,GREEDY,True,HIGH,HIGH,30,IMPLEMENTATION,0.67,True,False
1373_D_solution_1,DP,DP,True,HIGH,HIGH,50,DIFFERENCE_ARRAY,1.25,True,False
1373_D_solution_10,DP,DP,True,HIGH,HIGH,40,PREFIX_SUM,0.42,True,False
1373_D_solution_11,DP,DP,True,HIGH,HIGH,70,DIFFERENCE_ARRAY,1.25,True,False
1373_D_solution_12,DP,DP,True,HIGH,HIGH,70,DIFFERENCE_ARRAY,1.17,True,False
1373_D_solution_13,DP,DP,True,HIGH,HIGH,20,PREFIX_SUM,0.46,True,False
1373_D_solution_14,DP,DP,True,HIGH,HIGH,25,GREEDY,0.29,True,False
1373_D_solution_15,DP,DP,True,HIGH,HIGH,20,GREEDY,0.54,True,False
1373_D_solution_16,DP,DP,True,HIGH,HIGH,10,IMPLEMENTATION,0.29,True,False
1373_D_solution_17,DP,DP,True,HIGH,HIGH,20,IMPLEMENTATION,0.33,True,False
1373_D_solution_18,DP,DP,True,HIGH,HIGH,30,PREFIX_SUM,0.67,True,False
1373_D_solution_19,DP_1D,DP_1D,True,HIGH,HIGH,30,MATH,0.54,True,False
1373_D_solution_2,DP,DP,True,HIGH,HIGH,20,IMPLEMENTATION,0.46,True,False
1373_D_solution_20,DP,DP_1D,False,HIGH,HIGH,30,PREFIX_SUM,0.46,True,False
1373_D_solution_3,DP,DP,True,HIGH,HIGH,10,IMPLEMENTATION,0.17,True,False
1373_D_solution_4,DP,DP,True,HIGH,HIGH,30,MATH,0.42,True,False
1373_D_solution_5,DP,DP,True,HIGH,HIGH,30,GREEDY,0.33,True,False
1373_D_solution_6,DP_1D,DP,False,HIGH,HIGH,40,PREFIX_SUM,0.86,True,False
1373_D_solution_7,DIVIDE_AND_CONQUER,DIVIDE_AND_CONQUER,True,HIGH,HIGH,40,DP_1D,0.5,True,False
1373_D_solution_8,DP,DP,True,HIGH,HIGH,30,PREFIX_SUM,0.92,True,False
1373_D_solution_9,DP,DP,True,HIGH,HIGH,20,IMPLEMENTATION,0.46,True,False
1475_D_solution_1,GREEDY,BINARY_SEARCH,False,HIGH,HIGH,70,BOUND_SEARCH,0.83,True,False
1475_D_solution_10,GREEDY,GREEDY,True,HIGH,HIGH,20,IMPLEMENTATION,0.17,True,False
1475_D_solution_11,GREEDY,HEAP_GREEDY,False,HIGH,HIGH,30,SORTING_GREEDY,0.83,True,False
1475_D_solution_12,GREEDY,BINARY_SEARCH,False,HIGH,HIGH,20,GREEDY,0.38,True,False
1475_D_solution_17,GREEDY,BINARY_SEARCH,False,HIGH,HIGH,10,BINARY_SEARCH,0.25,True,False
1475_D_solution_18,GREEDY,BINARY_SEARCH,False,HIGH,HIGH,10,IMPLEMENTATION,0.46,True,False
1475_D_solution_19,BINARY_SEARCH,BINARY_SEARCH,True,HIGH,HIGH,85,SORTING_GREEDY,0.96,True,False
1475_D_solution_2,GREEDY,BINARY_SEARCH,False,HIGH,HIGH,10,BINARY_SEARCH,0.17,True,False
1475_D_solution_20,GREEDY,GREEDY,True,HIGH,HIGH,80,TWO_POINTERS,1.29,True,False
1475_D_solution_3,GREEDY,TWO_POINTERS,False,HIGH,HIGH,40,CUSTOM_SORTING,1.21,True,False
1475_D_solution_4,BINARY_SEARCH,BINARY_SEARCH,True,HIGH,HIGH,60,CUSTOM_SORTING,0.75,True,False
1475_D_solution_5,BINARY_SEARCH,BINARY_SEARCH,True,HIGH,HIGH,70,BOUND_SEARCH,0.96,True,False
1475_D_solution_6,GREEDY,BINARY_SEARCH,False,HIGH,HIGH,90,CUSTOM_SORTING,1.79,True,False
1475_D_solution_7,GREEDY,BINARY_SEARCH,False,HIGH,HIGH,40,CUSTOM_SORTING,1.0,True,False
1475_D_solution_8,GREEDY,TWO_POINTERS,False,HIGH,HIGH,30,IMPLEMENTATION,0.46,True,False
1475_D_solution_9,TWO_POINTERS,GREEDY,False,HIGH,HIGH,10,SORTING_GREEDY,0.21,True,False
1538_F_solution_1,MATH,MATH,True,HIGH,HIGH,20,IMPLEMENTATION,0.38,True,False
1538_F_solution_10,MATH,MATH,True,HIGH,HIGH,20,NUMBER_THEORY,0.21,True,False
1538_F_solution_11,MATH,MATH,True,HIGH,HIGH,10,NUMBER_THEORY,0.12,True,False
1538_F_solution_12,MATH,MATH,True,HIGH,HIGH,20,NUMBER_THEORY,0.29,True,False
1538_F_solution_13,MATH,MATH,True,HIGH,HIGH,5,MATH,0.08,True,False
1538_F_solution_14,MATH,MATH,True,HIGH,HIGH,20,NUMBER_THEORY,0.17,True,False
1538_F_solution_15,DIGIT_DP,DP,False,HIGH,HIGH,30,DP_1D,0.67,True,False
1538_F_solution_16,MATH,MATH,True,HIGH,HIGH,20,SIMULATION,0.29,True,False
1538_F_solution_17,MATH,MATH,True,HIGH,HIGH,45,NUMBER_THEORY,0.58,True,False
1538_F_solution_18,MATH,MATH,True,HIGH,HIGH,50,NUMBER_THEORY,0.67,True,False
1538_F_solution_19,MATH,MATH,True,HIGH,MEDIUM,50,NUMBER_THEORY,1.38,True,False
1538_F_solution_2,MATH,MATH,True,HIGH,HIGH,20,IMPLEMENTATION,0.17,True,False
1538_F_solution_20,MATH,MATH,True,HIGH,HIGH,40,IMPLEMENTATION,0.83,True,False
1538_F_solution_3,MATH,MATH,True,HIGH,HIGH,5,NUMBER_THEORY,0.04,True,False
1538_F_solution_4,MATH,MATH,True,HIGH,HIGH,5,MATH,0.08,True,False
1538_F_solution_5,MATH,MATH,True,HIGH,HIGH,10,IMPLEMENTATION,0.17,True,False
1538_F_solution_6,MATH,MATH,True,HIGH,HIGH,20,IMPLEMENTATION,0.25,True,False
1538_F_solution_7,MATH,MATH,True,HIGH,HIGH,30,IMPLEMENTATION,0.42,True,False
1538_F_solution_8,MATH,MATH,True,HIGH,HIGH,55,NUMBER_THEORY,0.89,True,False
1538_F_solution_9,MATH,MATH,True,HIGH,HIGH,10,NUMBER_THEORY,0.08,True,False
1554_C_solution_1,BIT_MANIPULATION,BIT_MANIPULATION,True,HIGH,HIGH,10,IMPLEMENTATION,0.21,True,False
1554_C_solution_10,BIT_MANIPULATION,BIT_MANIPULATION,True,HIGH,HIGH,40,BINARY_SEARCH,1.04,True,False
1554_C_solution_11,BIT_MANIPULATION,BIT_MANIPULATION,True,HIGH,HIGH,55,BITMASK,0.75,True,False
1554_C_solution_12,BIT_MANIPULATION,BIT_MANIPULATION,True,HIGH,HIGH,50,BITMASK,1.25,True,False
1554_C_solution_13,BIT_MANIPULATION,BIT_MANIPULATION,True,HIGH,HIGH,10,IMPLEMENTATION,0.46,True,False
1554_C_solution_14,GREEDY,BIT_MANIPULATION,False,HIGH,HIGH,30,BINARY_SEARCH,0.46,True,False
1554_C_solution_15,BIT_MANIPULATION,BIT_MANIPULATION,True,HIGH,HIGH,55,BITMASK,0.67,True,False
1554_C_solution_16,BIT_MANIPULATION,BIT_MANIPULATION,True,HIGH,MEDIUM,40,MATH,1.29,True,False
1554_C_solution_17,BIT_MANIPULATION,BIT_MANIPULATION,True,HIGH,HIGH,50,BITMASK,1.33,True,False
1554_C_solution_18,BIT_MANIPULATION,BIT_MANIPULATION,True,HIGH,HIGH,40,BITMASK,0.92,True,False
1554_C_solution_19,BIT_MANIPULATION,BITMASK,False,HIGH,HIGH,15,BITMASK,0.33,True,False
1554_C_solution_2,BIT_MANIPULATION,BIT_MANIPULATION,True,HIGH,HIGH,10,IMPLEMENTATION,0.17,True,False
1554_C_solution_20,BIT_MANIPULATION,BITMASK,False,HIGH,HIGH,95,BITMASK,1.12,True,False
1554_C_solution_3,BIT_MANIPULATION,BIT_MANIPULATION,True,HIGH,HIGH,45,BITMASK,0.92,True,False
1554_C_solution_4,BIT_MANIPULATION,BIT_MANIPULATION,True,HIGH,HIGH,20,MATH,0.25,True,False
1554_C_solution_5,BIT_MANIPULATION,BIT_MANIPULATION,True,HIGH,HIGH,30,STRING,0.5,True,False
1554_C_solution_6,BIT_MANIPULATION,BIT_MANIPULATION,True,HIGH,HIGH,20,IMPLEMENTATION,0.42,True,False
1554_C_solution_7,BIT_MANIPULATION,GREEDY,False,HIGH,HIGH,40,BITMASK,0.71,True,False
1554_C_solution_8,GREEDY,GREEDY,True,HIGH,HIGH,40,STRING,0.88,True,False
1554_C_solution_9,BIT_MANIPULATION,BIT_MANIPULATION,True,HIGH,HIGH,65,BITMASK,0.75,True,False
165_D_solution_1,IMPLEMENTATION,IMPLEMENTATION,True,HIGH,HIGH,60,HASH_SET,1.75,True,False
165_D_solution_10,SEGMENT_TREE,SEGMENT_TREE,True,HIGH,HIGH,90,RANGE_MIN_QUERY,1.08,True,False
165_D_solution_11,FENWICK_TREE,TREE,False,HIGH,HIGH,50,SUBTREE_QUERY,1.67,True,False
165_D_solution_12,FENWICK_TREE,TREE,False,HIGH,HIGH,40,SUBTREE_QUERY,0.96,True,False
165_D_solution_13,FENWICK_TREE,FENWICK_TREE,True,HIGH,HIGH,60,EULER_TOUR,1.58,True,False
165_D_solution_14,SEGMENT_TREE,SEGMENT_TREE,True,HIGH,HIGH,10,IMPLEMENTATION,0.46,True,False
165_D_solution_15,TREE,IMPLEMENTATION,False,HIGH,HIGH,35,BOUND_SEARCH,1.25,True,False
165_D_solution_16,SEGMENT_TREE,SEGMENT_TREE,True,HIGH,HIGH,50,BINARY_SEARCH,1.46,True,False
165_D_solution_17,SEGMENT_TREE,SEGMENT_TREE,True,HIGH,HIGH,20,DFS,0.33,True,False
165_D_solution_18,TREE,TREE,True,HIGH,HIGH,5,IMPLEMENTATION,0.08,True,False
165_D_solution_19,TREE,TREE,True,HIGH,MEDIUM,45,DIVIDE_AND_CONQUER,1.08,True,False
165_D_solution_2,SEGMENT_TREE,SEGMENT_TREE,True,HIGH,HIGH,50,GRAPH_TRAVERSAL,1.08,True,False
165_D_solution_20,SEGMENT_TREE,SEGMENT_TREE,True,HIGH,HIGH,60,RANGE_SUM_QUERY,1.71,True,False
165_D_solution_3,TREE,TREE,True,HIGH,HIGH,70,BINARY_SEARCH,2.12,True,False
165_D_solution_4,FENWICK_TREE,FENWICK_TREE,True,HIGH,HIGH,80,TREE_TRAVERSAL,2.42,True,False
165_D_solution_5,FENWICK_TREE,LCA,False,HIGH,HIGH,30,PREFIX_SUM,0.96,True,False
165_D_solution_6,SEGMENT_TREE,SEGMENT_TREE,True,HIGH,HIGH,10,IMPLEMENTATION,0.42,True,False
165_D_solution_7,FENWICK_TREE,FENWICK_TREE,True,HIGH,HIGH,20,GRAPH_TRAVERSAL,0.46,True,False
165_D_solution_8,FENWICK_TREE,FENWICK_TREE,True,HIGH,HIGH,40,DFS,0.71,True,False
165_D_solution_9,FENWICK_TREE,FENWICK_TREE,True,HIGH,HIGH,10,IMPLEMENTATION,0.42,True,False
165_E_solution_1,BITMASK_DP,BITMASK_DP,True,HIGH,HIGH,40,BITMASK_BRUTE_FORCE,0.96,True,False
165_E_solution_10,BITMASK_DP,BITMASK_DP,True,HIGH,HIGH,20,BRUTE_FORCE,0.79,True,False
165_E_solution_11,BITMASK_DP,BITMASK_DP,True,HIGH,HIGH,50,BITMASK_BRUTE_FORCE,1.58,True,False
165_E_solution_12,BITMASK_DP,BITMASK_DP,True,HIGH,HIGH,30,MATH,1.12,True,False
165_E_solution_13,BITMASK_DP,BITMASK_DP,True,HIGH,HIGH,30,MATH,0.5,True,False
165_E_solution_14,BITMASK_DP,BITMASK_DP,True,HIGH,HIGH,50,DFS,1.04,True,False
165_E_solution_15,BITMASK_DP,BITMASK_DP,True,HIGH,HIGH,40,BITMASK_BRUTE_FORCE,0.75,True,False
165_E_solution_16,BITMASK_DP,BITMASK_DP,True,HIGH,HIGH,40,BITMASK_BRUTE_FORCE,0.54,True,False
165_E_solution_17,BITMASK_DP,BITMASK_DP,True,HIGH,HIGH,20,BACKTRACKING,0.54,True,False
165_E_solution_18,BITMASK_DP,BITMASK_DP,True,HIGH,HIGH,90,DP_2D,1.88,True,False
165_E_solution_19,BITMASK_DP,BITMASK_DP,True,HIGH,HIGH,20,BRUTE_FORCE,0.83,True,False
165_E_solution_2,BITMASK_DP,BITMASK_DP,True,HIGH,HIGH,40,BITMASK_BRUTE_FORCE,0.92,True,False
165_E_solution_20,BITMASK_DP,BITMASK_DP,True,HIGH,HIGH,20,BRUTE_FORCE,0.71,True,False
165_E_solution_3,BITMASK_DP,BITMASK_DP,True,HIGH,HIGH,70,DP_1D,1.21,True,False
165_E_solution_4,BITMASK_DP,BITMASK_DP,True,HIGH,HIGH,70,DP_2D,1.29,True,False
165_E_solution_5,BITMASK_DP,BITMASK_DP,True,HIGH,HIGH,10,BIT_MANIPULATION,0.17,True,False
165_E_solution_6,BITMASK_DP,BITMASK_DP,True,HIGH,HIGH,20,MATH,0.29,True,False
165_E_solution_7,BITMASK_DP,BITMASK_DP,True,HIGH,HIGH,30,SUBSET_ENUMERATION,0.5,True,False
165_E_solution_8,BITMASK_DP,BITMASK_DP,True,HIGH,HIGH,40,BITMASK_BRUTE_FORCE,1.17,True,False
165_E_solution_9,BITMASK_DP,BITMASK_DP,True,HIGH,HIGH,50,BITMASK_BRUTE_FORCE,1.08,True,False
245_F_solution_1,TWO_POINTERS,TWO_POINTERS,True,HIGH,HIGH,40,EVENT_SIMULATION,0.71,True,False
245_F_solution_10,SLIDING_WINDOW,SLIDING_WINDOW,True,HIGH,HIGH,40,EVENT_SIMULATION,1.25,True,False
245_F_solution_11,SLIDING_WINDOW,SLIDING_WINDOW,True,HIGH,HIGH,20,TWO_POINTERS,0.33,True,False
245_F_solution_12,SLIDING_WINDOW,SLIDING_WINDOW,True,HIGH,HIGH,20,BRUTE_FORCE,0.46,True,False
245_F_solution_13,FIXED_WINDOW,SLIDING_WINDOW,False,HIGH,HIGH,40,EVENT_SIMULATION,1.25,True,False
245_F_solution_14,SLIDING_WINDOW,SLIDING_WINDOW,True,HIGH,HIGH,20,EVENT_SIMULATION,0.75,True,False
245_F_solution_15,SLIDING_WINDOW,SLIDING_WINDOW,True,HIGH,HIGH,20,SIMULATION,0.71,True,False
245_F_solution_16,BINARY_SEARCH,BINARY_SEARCH,True,HIGH,HIGH,50,VARIABLE_WINDOW,1.29,True,False
245_F_solution_17,SLIDING_WINDOW,SLIDING_WINDOW,True,HIGH,HIGH,40,SIMULATION,1.21,True,False
245_F_solution_18,SLIDING_WINDOW,SLIDING_WINDOW,True,HIGH,HIGH,40,TWO_POINTERS,1.17,True,False
245_F_solution_19,SLIDING_WINDOW,SLIDING_WINDOW,True,HIGH,HIGH,40,SIMULATION,0.79,True,False
245_F_solution_2,SLIDING_WINDOW,SLIDING_WINDOW,True,HIGH,HIGH,20,BRUTE_FORCE,0.5,True,False
245_F_solution_20,FIXED_WINDOW,SLIDING_WINDOW,False,HIGH,HIGH,100,FIXED_WINDOW,2.04,True,False
245_F_solution_3,TWO_POINTERS,TWO_POINTERS,True,HIGH,HIGH,30,PREFIX_SUM,0.33,True,False
245_F_solution_4,SLIDING_WINDOW,SLIDING_WINDOW,True,HIGH,HIGH,40,TWO_POINTERS,1.08,True,False
245_F_solution_5,SLIDING_WINDOW,SLIDING_WINDOW,True,HIGH,HIGH,60,TWO_POINTERS,1.75,True,False
245_F_solution_6,SLIDING_WINDOW,SLIDING_WINDOW,True,HIGH,HIGH,60,TWO_POINTERS,1.42,True,False
245_F_solution_7,SLIDING_WINDOW,TWO_POINTERS,False,HIGH,HIGH,40,EVENT_SIMULATION,1.21,True,False
245_F_solution_8,FIXED_WINDOW,SLIDING_WINDOW,False,HIGH,HIGH,30,GREEDY,1.08,True,False
245_F_solution_9,SLIDING_WINDOW,SLIDING_WINDOW,True,HIGH,HIGH,30,SIMULATION,0.88,True,False
257_A_solution_1,GREEDY,GREEDY,True,HIGH,HIGH,5,SORTING,0.12,True,False
257_A_solution_10,GREEDY,GREEDY,True,HIGH,HIGH,20,MATH,0.21,True,False
257_A_solution_11,GREEDY,GREEDY,True,HIGH,HIGH,40,SIMULATION,0.62,True,False
257_A_solution_12,GREEDY,GREEDY,True,HIGH,HIGH,10,SORTING_GREEDY,0.21,True,False
257_A_solution_13,GREEDY,GREEDY,True,HIGH,HIGH,40,SIMULATION,0.75,True,False
257_A_solution_14,GREEDY,GREEDY,True,HIGH,HIGH,40,SIMULATION,0.79,True,False
257_A_solution_15,GREEDY,GREEDY,True,HIGH,HIGH,20,MATH,0.33,True,False
257_A_solution_16,GREEDY,GREEDY,True,HIGH,HIGH,30,IMPLEMENTATION,0.62,True,False
257_A_solution_17,GREEDY,GREEDY,True,HIGH,HIGH,40,SIMULATION,0.5,True,False
257_A_solution_18,GREEDY,GREEDY,True,HIGH,HIGH,20,MATH,0.21,True,False
257_A_solution_19,GREEDY,GREEDY,True,HIGH,HIGH,20,IMPLEMENTATION,0.33,True,False
257_A_solution_2,GREEDY,GREEDY,True,HIGH,HIGH,20,IMPLEMENTATION,0.25,True,False
257_A_solution_20,GREEDY,GREEDY,True,HIGH,HIGH,40,SIMULATION,1.0,True,False
257_A_solution_3,GREEDY,GREEDY,True,HIGH,HIGH,5,SORTING_GREEDY,0.04,True,False
257_A_solution_4,GREEDY,GREEDY,True,HIGH,HIGH,15,SORTING_GREEDY,0.12,True,False
257_A_solution_5,GREEDY,GREEDY,True,HIGH,HIGH,20,MATH,0.17,True,False
257_A_solution_6,GREEDY,GREEDY,True,HIGH,HIGH,40,SIMULATION,0.46,True,False
257_A_solution_7,GREEDY,GREEDY,True,HIGH,HIGH,50,SIMULATION,1.04,True,False
257_A_solution_8,GREEDY,GREEDY,True,HIGH,HIGH,20,IMPLEMENTATION,0.5,True,False
257_A_solution_9,GREEDY,GREEDY,True,HIGH,HIGH,20,IMPLEMENTATION,0.33,True,False
336_C_solution_1,BIT_MANIPULATION,BIT_MANIPULATION,True,HIGH,HIGH,95,BITMASK,1.71,True,False
336_C_solution_10,BIT_MANIPULATION,BIT_MANIPULATION,True,HIGH,HIGH,20,BITMASK,0.33,True,False
336_C_solution_11,BIT_MANIPULATION,BIT_MANIPULATION,True,HIGH,MEDIUM,40,HASH_MAP,1.67,True,False
336_C_solution_12,BIT_MANIPULATION,BIT_MANIPULATION,True,HIGH,HIGH,20,IMPLEMENTATION,0.42,True,False
336_C_solution_13,GREEDY,BIT_MANIPULATION,False,HIGH,HIGH,95,BITMASK,1.42,True,False
336_C_solution_14,BIT_MANIPULATION,BIT_MANIPULATION,True,HIGH,HIGH,40,BRUTE_FORCE,0.62,True,False
336_C_solution_15,BITMASK,BITMASK,True,HIGH,HIGH,60,BITMASK_BRUTE_FORCE,1.25,True,False
336_C_solution_16,BIT_MANIPULATION,BITMASK,False,HIGH,HIGH,50,BITMASK_BRUTE_FORCE,0.92,True,False
336_C_solution_17,BIT_MANIPULATION,GREEDY,False,HIGH,HIGH,95,BITMASK,1.25,True,False
336_C_solution_18,BIT_MANIPULATION,GREEDY,False,HIGH,HIGH,95,BITMASK,2.12,True,False
336_C_solution_19,GREEDY,BIT_MANIPULATION,False,HIGH,HIGH,20,NUMBER_THEORY,0.62,True,False
336_C_solution_2,BIT_MANIPULATION,BIT_MANIPULATION,True,HIGH,HIGH,40,IMPLEMENTATION,0.92,True,False
336_C_solution_20,GREEDY,BIT_MANIPULATION,False,HIGH,HIGH,90,BITMASK,1.42,True,False
336_C_solution_3,GREEDY,GREEDY,True,HIGH,HIGH,90,BITMASK,1.38,True,False
336_C_solution_4,BIT_MANIPULATION,GREEDY,False,HIGH,HIGH,90,BITMASK,1.33,True,False
336_C_solution_5,GREEDY,BIT_MANIPULATION,False,HIGH,HIGH,60,BITMASK,0.75,True,False
336_C_solution_6,BITMASK,BIT_MANIPULATION,False,HIGH,HIGH,95,BITMASK,2.12,True,False
336_C_solution_7,BIT_MANIPULATION,BIT_MANIPULATION,True,HIGH,HIGH,10,IMPLEMENTATION,0.33,True,False
336_C_solution_8,BIT_MANIPULATION,BIT_MANIPULATION,True,HIGH,HIGH,30,SIMULATION,0.67,True,False
336_C_solution_9,GREEDY,BIT_MANIPULATION,False,HIGH,HIGH,40,BITMASK,0.88,True,False
487_A_solution_1,BRUTE_FORCE,BRUTE_FORCE,True,HIGH,HIGH,10,SIMULATION,0.17,True,False
487_A_solution_10,BRUTE_FORCE,BRUTE_FORCE,True,HIGH,HIGH,30,MATH,0.62,True,False
487_A_solution_11,BRUTE_FORCE,BRUTE_FORCE,True,HIGH,HIGH,10,SIMULATION,0.21,True,False
487_A_solution_12,BRUTE_FORCE,BRUTE_FORCE,True,HIGH,HIGH,20,MATH,0.25,True,False
487_A_solution_13,BRUTE_FORCE,BRUTE_FORCE,True,HIGH,HIGH,10,IMPLEMENTATION,0.33,True,False
487_A_solution_14,BRUTE_FORCE,BRUTE_FORCE,True,HIGH,HIGH,15,IMPLEMENTATION,0.29,True,False
487_A_solution_15,BRUTE_FORCE,BRUTE_FORCE,True,HIGH,HIGH,20,SIMULATION,0.38,True,False
487_A_solution_16,BRUTE_FORCE,BRUTE_FORCE,True,HIGH,HIGH,50,SIMULATION,0.46,True,False
487_A_solution_17,BRUTE_FORCE,BRUTE_FORCE,True,HIGH,HIGH,0,IMPLEMENTATION,0.0,True,False
487_A_solution_18,BRUTE_FORCE,BRUTE_FORCE,True,HIGH,HIGH,10,SIMULATION,0.25,True,False
487_A_solution_19,BRUTE_FORCE,BRUTE_FORCE,True,HIGH,HIGH,60,PARAMETRIC_SEARCH,0.96,True,False
487_A_solution_2,BRUTE_FORCE,BRUTE_FORCE,True,HIGH,HIGH,30,SIMULATION,0.38,True,False
487_A_solution_20,BRUTE_FORCE,BRUTE_FORCE,True,HIGH,HIGH,25,IMPLEMENTATION,0.58,True,False
487_A_solution_3,BRUTE_FORCE,BRUTE_FORCE,True,HIGH,HIGH,40,SIMULATION,0.42,True,False
487_A_solution_4,BRUTE_FORCE,BRUTE_FORCE,True,HIGH,HIGH,10,MATH,0.08,True,False
487_A_solution_5,BRUTE_FORCE,BRUTE_FORCE,True,HIGH,HIGH,20,SIMULATION,0.33,True,False
487_A_solution_6,BRUTE_FORCE,BRUTE_FORCE,True,HIGH,HIGH,20,MATH,0.29,True,False
487_A_solution_7,BRUTE_FORCE,BRUTE_FORCE,True,HIGH,HIGH,20,SIMULATION,0.21,True,False
487_A_solution_8,BRUTE_FORCE,DP,False,HIGH,HIGH,80,DP_2D,1.75,True,False
487_A_solution_9,PARAMETRIC_SEARCH,PARAMETRIC_SEARCH,True,HIGH,HIGH,30,BINARY_SEARCH,0.67,True,False
570_C_solution_1,IMPLEMENTATION,IMPLEMENTATION,True,HIGH,HIGH,40,SIMULATION,0.62,True,False
570_C_solution_10,IMPLEMENTATION,IMPLEMENTATION,True,HIGH,HIGH,30,MATH,0.38,True,False
570_C_solution_11,IMPLEMENTATION,IMPLEMENTATION,True,HIGH,HIGH,10,SIMULATION,0.21,True,False
570_C_solution_12,IMPLEMENTATION,IMPLEMENTATION,True,HIGH,HIGH,10,SIMULATION,0.17,True,False
570_C_solution_13,IMPLEMENTATION,IMPLEMENTATION,True,HIGH,HIGH,40,GREEDY,0.58,True,False
570_C_solution_14,IMPLEMENTATION,IMPLEMENTATION,True,HIGH,HIGH,60,BINARY_SEARCH,1.21,True,False
570_C_solution_15,IMPLEMENTATION,IMPLEMENTATION,True,HIGH,HIGH,30,GREEDY,0.71,True,False
570_C_solution_16,IMPLEMENTATION,IMPLEMENTATION,True,HIGH,HIGH,20,STRING,0.25,True,False
570_C_solution_17,IMPLEMENTATION,IMPLEMENTATION,True,HIGH,HIGH,30,SIMULATION,0.58,True,False
570_C_solution_18,IMPLEMENTATION,IMPLEMENTATION,True,HIGH,HIGH,40,HASH_SET,1.46,True,False
570_C_solution_19,IMPLEMENTATION,IMPLEMENTATION,True,HIGH,HIGH,20,MATH,0.21,True,False
570_C_solution_2,IMPLEMENTATION,IMPLEMENTATION,True,HIGH,HIGH,20,SIMULATION,0.38,True,False
570_C_solution_20,IMPLEMENTATION,IMPLEMENTATION,True,HIGH,HIGH,20,SIMULATION,0.42,True,False
570_C_solution_3,IMPLEMENTATION,IMPLEMENTATION,True,HIGH,HIGH,10,SIMULATION,0.12,True,False
570_C_solution_4,IMPLEMENTATION,IMPLEMENTATION,True,HIGH,HIGH,10,SIMULATION,0.21,True,False
570_C_solution_5,IMPLEMENTATION,IMPLEMENTATION,True,HIGH,HIGH,40,SIMULATION,0.83,True,False
570_C_solution_6,IMPLEMENTATION,IMPLEMENTATION,True,HIGH,HIGH,20,MATH,0.38,True,False
570_C_solution_7,IMPLEMENTATION,IMPLEMENTATION,True,HIGH,HIGH,30,SIMULATION,0.25,True,False
570_C_solution_8,IMPLEMENTATION,IMPLEMENTATION,True,HIGH,HIGH,45,SIMULATION,0.54,True,False
570_C_solution_9,IMPLEMENTATION,IMPLEMENTATION,True,HIGH,HIGH,25,SIMULATION,0.21,True,False
702_B_solution_1,HASH_MAP,HASH_MAP,True,HIGH,HIGH,40,NUMBER_THEORY,1.21,True,False
702_B_solution_10,HASH_MAP,HASH_MAP,True,HIGH,HIGH,40,NUMBER_THEORY,1.0,True,False
702_B_solution_11,HASH_MAP,HASH_MAP,True,HIGH,HIGH,30,NUMBER_THEORY,0.54,True,False
702_B_solution_12,HASH_MAP,HASH_MAP,True,HIGH,HIGH,30,BITMASK,0.54,True,False
702_B_solution_13,HASH_MAP,HASH_MAP,True,HIGH,HIGH,20,BIT_MANIPULATION,0.33,True,False
702_B_solution_14,HASH_MAP,HASH,False,HIGH,HIGH,20,IMPLEMENTATION,0.5,True,False
702_B_solution_15,HASH_MAP,HASH_MAP,True,HIGH,HIGH,10,IMPLEMENTATION,0.5,True,False
702_B_solution_16,HASH_MAP,HASH_MAP,True,HIGH,HIGH,30,NUMBER_THEORY,0.79,True,False
702_B_solution_17,HASH_MAP,HASH_MAP,True,HIGH,HIGH,30,BRUTE_FORCE,0.5,True,False
702_B_solution_18,HASH_MAP,HASH_MAP,True,HIGH,HIGH,30,NUMBER_THEORY,0.88,True,False
702_B_solution_19,HASH_MAP,HASH_MAP,True,HIGH,HIGH,40,NUMBER_THEORY,0.67,True,False
702_B_solution_2,HASH_MAP,HASH_MAP,True,HIGH,HIGH,90,HASH,1.42,True,False
702_B_solution_20,HASH_MAP,HASH_MAP,True,HIGH,HIGH,40,NUMBER_THEORY,0.96,True,False
702_B_solution_3,HASH_MAP,HASH_MAP,True,HIGH,HIGH,10,MATH,0.21,True,False
702_B_solution_4,HASH_MAP,HASH_MAP,True,HIGH,HIGH,30,BRUTE_FORCE,1.29,True,False
702_B_solution_5,HASH_MAP,HASH_MAP,True,HIGH,HIGH,20,BRUTE_FORCE,0.33,True,False
702_B_solution_6,HASH_MAP,HASH_MAP,True,HIGH,HIGH,10,IMPLEMENTATION,0.12,True,False
702_B_solution_7,HASH_MAP,HASH_MAP,True,HIGH,HIGH,20,BITMASK,0.54,True,False
702_B_solution_8,HASH_MAP,HASH_MAP,True,HIGH,HIGH,40,BRUTE_FORCE,1.08,True,False
702_B_solution_9,HASH_MAP,HASH_MAP,True,HIGH,HIGH,40,BIT_MANIPULATION,1.08,True,False
804_B_solution_1,MATH,MATH,True,HIGH,HIGH,40,DP,1.79,True,False
804_B_solution_10,MATH,MATH,True,HIGH,HIGH,50,FAST_POWER,1.54,True,False
804_B_solution_11,DP,DP,True,HIGH,HIGH,40,COMBINATORICS,0.92,True,False
804_B_solution_12,MATH,MATH,True,HIGH,HIGH,40,IMPLEMENTATION,1.17,True,False
804_B_solution_13,MATH,MATH,True,HIGH,HIGH,25,GREEDY,0.5,True,False
804_B_solution_14,MATH,MATH,True,HIGH,HIGH,50,COMBINATORICS,0.88,True,False
804_B_solution_15,MATH,MATH,True,HIGH,HIGH,20,IMPLEMENTATION,0.83,True,False
804_B_solution_16,MATH,MATH,True,HIGH,HIGH,40,FAST_POWER,1.54,True,False
804_B_solution_17,MATH,MATH,True,HIGH,HIGH,30,SIMULATION,0.92,True,False
804_B_solution_18,MATH,MATH,True,HIGH,HIGH,30,SIMULATION,1.42,True,False
804_B_solution_19,MATH,MATH,True,HIGH,HIGH,30,DP,1.21,True,False
804_B_solution_2,MATH,MATH,True,HIGH,HIGH,40,DP_1D,1.42,True,False
804_B_solution_20,MATH,MATH,True,HIGH,HIGH,30,IMPLEMENTATION,1.17,True,False
804_B_solution_3,MATH,MATH,True,HIGH,HIGH,60,FAST_POWER,1.75,True,False
804_B_solution_4,MATH,MATH,True,HIGH,HIGH,40,FAST_POWER,1.67,True,False
804_B_solution_5,MATH,MATH,True,HIGH,HIGH,35,IMPLEMENTATION,0.96,True,False
804_B_solution_6,MATH,MATH,True,HIGH,HIGH,30,DP,1.46,True,False
804_B_solution_7,MATH,MATH,True,HIGH,HIGH,25,GREEDY,0.58,True,False
804_B_solution_8,MATH,MATH,True,HIGH,HIGH,30,SIMULATION,0.83,True,False
804_B_solution_9,DP,MATH,False,HIGH,HIGH,65,DP_1D,2.58,True,False
818_F_solution_1,PARAMETRIC_SEARCH,PARAMETRIC_SEARCH,True,HIGH,HIGH,30,COMBINATORICS,0.62,True,False
818_F_solution_10,MATH,MATH,True,HIGH,HIGH,30,BRUTE_FORCE,0.5,True,False
818_F_solution_11,PARAMETRIC_SEARCH,PARAMETRIC_SEARCH,True,HIGH,HIGH,30,BINARY_SEARCH,0.33,True,False
818_F_solution_12,MATH,MATH,True,HIGH,HIGH,85,COMBINATORICS,1.25,True,False
818_F_solution_13,PARAMETRIC_SEARCH,PARAMETRIC_SEARCH,True,HIGH,HIGH,55,BINARY_SEARCH,0.82,True,False
818_F_solution_14,MATH,MATH,True,HIGH,HIGH,40,COMBINATORICS,0.62,True,False
818_F_solution_15,PARAMETRIC_SEARCH,PARAMETRIC_SEARCH,True,HIGH,HIGH,30,BINARY_SEARCH,0.75,True,False
818_F_solution_16,PARAMETRIC_SEARCH,PARAMETRIC_SEARCH,True,HIGH,HIGH,30,BINARY_SEARCH,0.25,True,False
818_F_solution_17,BINARY_SEARCH,BINARY_SEARCH,True,HIGH,HIGH,5,MATH,0.04,True,False
818_F_solution_18,MATH,BINARY_SEARCH,False,HIGH,HIGH,60,COMBINATORICS,1.0,True,False
818_F_solution_19,BINARY_SEARCH,BINARY_SEARCH,True,HIGH,HIGH,50,COMBINATORICS,0.79,True,False
818_F_solution_2,BINARY_SEARCH,MATH,False,HIGH,HIGH,40,COMBINATORICS,0.54,True,False
818_F_solution_20,MATH,BINARY_SEARCH,False,HIGH,HIGH,95,BINARY_SEARCH,1.92,True,False
818_F_solution_3,BINARY_SEARCH,MATH,False,HIGH,HIGH,60,PARAMETRIC_SEARCH,1.25,True,False
818_F_solution_4,MATH,MATH,True,HIGH,HIGH,90,BINARY_SEARCH,2.04,True,False
818_F_solution_5,MATH,MATH,True,HIGH,HIGH,30,COMBINATORICS,0.25,True,False
818_F_solution_6,BINARY_SEARCH,BINARY_SEARCH,True,HIGH,HIGH,50,COMBINATORICS,0.58,True,False
818_F_solution_7,BINARY_SEARCH,MATH,False,HIGH,HIGH,20,IMPLEMENTATION,0.25,True,False
818_F_solution_8,MATH,MATH,True,HIGH,HIGH,60,BINARY_SEARCH,0.67,True,False
818_F_solution_9,PARAMETRIC_SEARCH,BINARY_SEARCH,False,HIGH,HIGH,55,PARAMETRIC_SEARCH,1.42,True,False
838_B_solution_1,SEGMENT_TREE,LAZY_SEGMENT_TREE,False,HIGH,HIGH,80,EULER_TOUR,0.92,True,False
838_B_solution_10,LAZY_SEGMENT_TREE,LAZY_SEGMENT_TREE,True,HIGH,HIGH,40,LCA,1.67,True,False
838_B_solution_11,LAZY_SEGMENT_TREE,LAZY_SEGMENT_TREE,True,HIGH,HIGH,60,PREFIX_SUM,1.62,True,False
838_B_solution_12,LAZY_SEGMENT_TREE,LAZY_SEGMENT_TREE,True,HIGH,HIGH,40,LCA,0.58,True,False
838_B_solution_13,SEGMENT_TREE,SEGMENT_TREE,True,HIGH,HIGH,60,SUBTREE_QUERY,0.62,True,False
838_B_solution_14,LAZY_SEGMENT_TREE,LAZY_SEGMENT_TREE,True,HIGH,HIGH,80,GRAPH_TRAVERSAL,1.79,True,False
838_B_solution_15,LAZY_SEGMENT_TREE,LAZY_SEGMENT_TREE,True,HIGH,HIGH,70,RANGE_SUM_QUERY,1.38,True,False
838_B_solution_16,LAZY_SEGMENT_TREE,LAZY_SEGMENT_TREE,True,HIGH,HIGH,25,DFS,0.92,True,False
838_B_solution_17,LAZY_SEGMENT_TREE,LAZY_SEGMENT_TREE,True,HIGH,HIGH,40,LCA,1.5,True,False
838_B_solution_18,SEGMENT_TREE,TREE,False,MEDIUM,MEDIUM,40,DP,1.42,True,False
838_B_solution_19,LAZY_SEGMENT_TREE,LAZY_SEGMENT_TREE,True,HIGH,HIGH,20,IMPLEMENTATION,0.83,True,False
838_B_solution_2,LAZY_SEGMENT_TREE,LAZY_SEGMENT_TREE,True,HIGH,HIGH,60,RANGE_SUM_QUERY,1.46,True,False
838_B_solution_20,SEGMENT_TREE,TREE,False,HIGH,HIGH,60,DP,1.46,True,False
838_B_solution_3,SEGMENT_TREE,SEGMENT_TREE,True,HIGH,HIGH,60,DIFFERENCE_ARRAY,2.12,True,False
838_B_solution_4,LAZY_SEGMENT_TREE,LAZY_SEGMENT_TREE,True,HIGH,HIGH,20,IMPLEMENTATION,0.67,True,False
838_B_solution_5,LAZY_SEGMENT_TREE,LAZY_SEGMENT_TREE,True,HIGH,HIGH,10,RANGE_SUM_QUERY,0.17,True,False
838_B_solution_6,LAZY_SEGMENT_TREE,LAZY_SEGMENT_TREE,True,HIGH,HIGH,70,RANGE_SUM_QUERY,0.96,True,False
838_B_solution_7,LAZY_SEGMENT_TREE,LAZY_SEGMENT_TREE,True,HIGH,HIGH,70,GRAPH_TRAVERSAL,1.33,True,False
838_B_solution_8,LAZY_SEGMENT_TREE,LAZY_SEGMENT_TREE,True,HIGH,HIGH,40,DFS,1.33,True,False
838_B_solution_9,LAZY_SEGMENT_TREE,LAZY_SEGMENT_TREE,True,HIGH,HIGH,40,LCA,2.04,True,False
845_B_solution_1,GREEDY,GREEDY,True,HIGH,HIGH,20,MATH,0.25,True,False
845_B_solution_10,BRUTE_FORCE,BRUTE_FORCE,True,HIGH,HIGH,20,SIMULATION,0.42,True,False
845_B_solution_11,BRUTE_FORCE,BRUTE_FORCE,True,HIGH,HIGH,40,MATH,0.92,True,False
845_B_solution_12,GREEDY,GREEDY,True,HIGH,HIGH,60,BRUTE_FORCE,1.5,True,False
845_B_solution_13,BRUTE_FORCE,BRUTE_FORCE,True,HIGH,HIGH,20,STRING,0.33,True,False
845_B_solution_14,GREEDY,GREEDY,True,HIGH,HIGH,20,SORTING_GREEDY,0.75,True,False
845_B_solution_15,GREEDY,GREEDY,True,HIGH,HIGH,20,BRUTE_FORCE,0.33,True,False
845_B_solution_16,GREEDY,GREEDY,True,HIGH,HIGH,20,IMPLEMENTATION,0.42,True,False
845_B_solution_17,BRUTE_FORCE,BRUTE_FORCE,True,HIGH,HIGH,30,STRING,0.33,True,False
845_B_solution_18,GREEDY,GREEDY,True,HIGH,HIGH,60,HEAP_GREEDY,2.29,True,False
845_B_solution_19,GREEDY,GREEDY,True,HIGH,HIGH,10,IMPLEMENTATION,0.29,True,False
845_B_solution_2,BRUTE_FORCE,BRUTE_FORCE,True,HIGH,HIGH,20,IMPLEMENTATION,0.33,True,False
845_B_solution_20,GREEDY,GREEDY,True,HIGH,HIGH,10,MATH,0.17,True,False
845_B_solution_3,GREEDY,GREEDY,True,HIGH,HIGH,40,IMPLEMENTATION,0.5,True,False
845_B_solution_4,BRUTE_FORCE,BRUTE_FORCE,True,HIGH,HIGH,30,SIMULATION,0.42,True,False
845_B_solution_5,BRUTE_FORCE,BRUTE_FORCE,True,HIGH,HIGH,25,IMPLEMENTATION,0.29,True,False
845_B_solution_6,GREEDY,GREEDY,True,HIGH,HIGH,20,BRUTE_FORCE,0.25,True,False
845_B_solution_7,GREEDY,GREEDY,True,HIGH,HIGH,30,STRING,0.62,True,False
845_B_solution_8,GREEDY,GREEDY,True,HIGH,HIGH,20,BRUTE_FORCE,0.58,True,False
845_B_solution_9,BRUTE_FORCE,BRUTE_FORCE,True,HIGH,HIGH,40,SIMULATION,0.92,True,False
875_B_solution_1,IMPLEMENTATION,TWO_POINTERS,False,HIGH,HIGH,40,GREEDY,1.12,True,False
875_B_solution_10,TWO_POINTERS,TWO_POINTERS,True,HIGH,HIGH,15,SIMULATION,0.33,True,False
875_B_solution_11,TWO_POINTERS,IMPLEMENTATION,False,HIGH,HIGH,30,SIMULATION,0.25,True,False
875_B_solution_12,FENWICK_TREE,FENWICK_TREE,True,HIGH,HIGH,20,IMPLEMENTATION,0.75,True,False
875_B_solution_13,TWO_POINTERS,TWO_POINTERS,True,HIGH,HIGH,10,SIMULATION,0.12,True,False
875_B_solution_14,TWO_POINTERS,TWO_POINTERS,True,HIGH,HIGH,10,SIMULATION,0.08,True,False
875_B_solution_15,TWO_POINTERS,IMPLEMENTATION,False,HIGH,HIGH,40,MATH,1.21,True,False
875_B_solution_16,IMPLEMENTATION,IMPLEMENTATION,True,HIGH,HIGH,40,MATH,0.75,True,False
875_B_solution_17,IMPLEMENTATION,TWO_POINTERS,False,HIGH,HIGH,40,GREEDY,0.5,True,False
875_B_solution_18,TWO_POINTERS,TWO_POINTERS,True,HIGH,HIGH,20,GREEDY,0.29,True,False
875_B_solution_19,UNION_FIND,UNION_FIND,True,HIGH,HIGH,40,CONNECTED_COMPONENTS,0.46,True,False
875_B_solution_2,TWO_POINTERS,TWO_POINTERS,True,HIGH,HIGH,30,SIMULATION,0.38,True,False
875_B_solution_20,TWO_POINTERS,TWO_POINTERS,True,HIGH,HIGH,20,SIMULATION,0.25,True,False
875_B_solution_3,TWO_POINTERS,TWO_POINTERS,True,HIGH,HIGH,30,MATH,0.75,True,False
875_B_solution_4,TWO_POINTERS,TWO_POINTERS,True,HIGH,HIGH,10,SIMULATION,0.17,True,False
875_B_solution_5,TWO_POINTERS,IMPLEMENTATION,False,HIGH,HIGH,40,MATH,0.42,True,False
875_B_solution_6,TWO_POINTERS,IMPLEMENTATION,False,HIGH,HIGH,20,SIMULATION,0.33,True,False
875_B_solution_7,IMPLEMENTATION,IMPLEMENTATION,True,HIGH,HIGH,50,TWO_POINTERS,1.33,True,False
875_B_solution_8,SORTING,SORTING,True,HIGH,HIGH,40,MATH,0.88,True,False
875_B_solution_9,IMPLEMENTATION,TWO_POINTERS,False,HIGH,HIGH,40,MATH,0.75,True,False
962_B_solution_1,GREEDY,GREEDY,True,HIGH,HIGH,30,IMPLEMENTATION,0.5,True,False
962_B_solution_10,GREEDY,GREEDY,True,HIGH,HIGH,20,SIMULATION,0.46,True,False
962_B_solution_11,GREEDY,GREEDY,True,HIGH,HIGH,30,IMPLEMENTATION,0.33,True,False
962_B_solution_12,GREEDY,GREEDY,True,HIGH,HIGH,20,STRING,0.46,True,False
962_B_solution_13,GREEDY,GREEDY,True,HIGH,HIGH,40,STATE_SIMULATION,1.12,True,False
962_B_solution_14,GREEDY,GREEDY,True,HIGH,HIGH,40,SIMULATION,0.71,True,False
962_B_solution_15,GREEDY,GREEDY,True,HIGH,HIGH,30,SIMULATION,0.33,True,False
962_B_solution_16,GREEDY,GREEDY,True,HIGH,HIGH,15,IMPLEMENTATION,0.38,True,False
962_B_solution_17,GREEDY,GREEDY,True,HIGH,HIGH,40,SIMULATION,1.08,True,False
962_B_solution_18,GREEDY,GREEDY,True,HIGH,HIGH,20,IMPLEMENTATION,0.54,True,False
962_B_solution_19,GREEDY,GREEDY,True,HIGH,HIGH,40,INTERVAL_GREEDY,0.71,True,False
962_B_solution_2,GREEDY,GREEDY,True,HIGH,HIGH,30,SIMULATION,0.67,True,False
962_B_solution_20,GREEDY,GREEDY,True,HIGH,HIGH,40,INTERVAL_GREEDY,1.17,True,False
962_B_solution_3,GREEDY,IMPLEMENTATION,False,HIGH,HIGH,45,GREEDY,0.79,True,False
962_B_solution_4,GREEDY,GREEDY,True,HIGH,HIGH,40,TWO_POINTERS,0.58,True,False
962_B_solution_5,GREEDY,GREEDY,True,HIGH,HIGH,30,STRING,0.54,True,False
962_B_solution_6,GREEDY,GREEDY,True,HIGH,HIGH,30,SIMULATION,0.33,True,False
962_B_solution_7,GREEDY,GREEDY,True,HIGH,HIGH,60,HEAP_GREEDY,1.96,True,False
962_B_solution_8,GREEDY,GREEDY,True,HIGH,HIGH,30,SIMULATION,0.54,True,False
962_B_solution_9,GREEDY,GREEDY,True,HIGH,HIGH,40,STATE_SIMULATION,0.92,True,False
